Workbook

Sheet PLANO B
A1: PROGRESSISTAS | C1: PSD | E1: MDB | G1: UB | I1: PL | K1: PT
A2: AGUINALDO | B2: =SUM('APURAÇÃO DOS VOTOS'!B8:Y8) -> 330 | C2: EVERALDO | D2: =SUM('APURAÇÃO DOS VOTOS'!B19:Y19) -> 227 | E2: ALDO | F2: =SUM('APURAÇÃO DOS VOTOS'!B30:Y30) -> 64 | G2: ARILTON | H2: =SUM('APURAÇÃO DOS VOTOS'!B37:Y37) -> 137 | I2: DAURI | J2: =SUM('APURAÇÃO DOS VOTOS'!B44:Y44) -> 192 | K2: LUIZ | L2: =SUM('APURAÇÃO DOS VOTOS'!B51:Y51) -> 20
A3: BRUNO | B3: =SUM('APURAÇÃO DOS VOTOS'!B9:Y9) -> 174 | C3: GUI | D3: =SUM('APURAÇÃO DOS VOTOS'!B20:Y20) -> 366 | E3: BIANCA | F3: =SUM('APURAÇÃO DOS VOTOS'!B31:Y31) -> 317 | G3: GABRIEL | H3: =SUM('APURAÇÃO DOS VOTOS'!B38:Y38) -> 128 | I3: JANAINA | J3: =SUM('APURAÇÃO DOS VOTOS'!B45:Y45) -> 181 | K3: LUCIANA | L3: =SUM('APURAÇÃO DOS VOTOS'!B52:Y52) -> 74
A4: CELINHO | B4: =SUM('APURAÇÃO DOS VOTOS'!B10:Y10) -> 246 | C4: GUTO | D4: =SUM('APURAÇÃO DOS VOTOS'!B21:Y21) -> 66 | E4: DEDI | F4: =SUM('APURAÇÃO DOS VOTOS'!B32:Y32) -> 228 | G4: NANDO | H4: =SUM('APURAÇÃO DOS VOTOS'!B39:Y39) -> 39 | I4: JUBA | J4: =SUM('APURAÇÃO DOS VOTOS'!B46:Y46) -> 78 | K4: ZENON | L4: =SUM('APURAÇÃO DOS VOTOS'!B53:Y53) -> 76
A5: CESINHA | B5: =SUM('APURAÇÃO DOS VOTOS'!B11:Y11) -> 158 | C5: IVOLI | D5: =SUM('APURAÇÃO DOS VOTOS'!B22:Y22) -> 183 | E5: DINHO | F5: =SUM('APURAÇÃO DOS VOTOS'!B33:Y33) -> 167 | G5: PATRICIA | H5: =SUM('APURAÇÃO DOS VOTOS'!B40:Y40) -> 7 | I5: MANECA | J5: =SUM('APURAÇÃO DOS VOTOS'!B47:Y47) -> 38
A6: FABRICIO | B6: =SUM('APURAÇÃO DOS VOTOS'!B12:Y12) -> 511 | C6: JUNINHO | D6: =SUM('APURAÇÃO DOS VOTOS'!B23:Y23) -> 96 | E6: NICE | F6: =SUM('APURAÇÃO DOS VOTOS'!B34:Y34) -> 3 | G6: PRISCILLA | H6: =SUM('APURAÇÃO DOS VOTOS'!B41:Y41) -> 205 | I6: VALDEMAR | J6: =SUM('APURAÇÃO DOS VOTOS'!B48:Y48) -> 19
A7: FRANCIELE | B7: =SUM('APURAÇÃO DOS VOTOS'!B13:Y13) -> 116 | C7: NARA | D7: =SUM('APURAÇÃO DOS VOTOS'!B24:Y24) -> 55 | E7: ZOINHO | F7: =SUM('APURAÇÃO DOS VOTOS'!B35:Y35) -> 260 | G7: TIAGO | H7: =SUM('APURAÇÃO DOS VOTOS'!B42:Y42) -> 167 | I7: VALDIR | J7: =SUM('APURAÇÃO DOS VOTOS'!B49:Y49) -> 121
A8: KARINA | B8: =SUM('APURAÇÃO DOS VOTOS'!B14:Y14) -> 36 | C8: RAQUEL | D8: =SUM('APURAÇÃO DOS VOTOS'!B25:Y25) -> 148
A9: ROBINHO | B9: =SUM('APURAÇÃO DOS VOTOS'!B15:Y15) -> 106 | C9: RONALDO | D9: =SUM('APURAÇÃO DOS VOTOS'!B26:Y26) -> 31
A10: RUANITO | B10: =SUM('APURAÇÃO DOS VOTOS'!B16:Y16) -> 206 | C10: SERGIO | D10: =SUM('APURAÇÃO DOS VOTOS'!B27:Y27) -> 298
A11: VANESSA | B11: =SUM('APURAÇÃO DOS VOTOS'!B17:Y17) -> 285 | C11: TOMAZIA | D11: =SUM('APURAÇÃO DOS VOTOS'!B28:Y28) -> 45
A12: TOTAL | B12: =SUM(B2:B11) -> 2168 | D12: =SUM(D2:D11) -> 1515 | F12: =SUM(F2:F11) -> 1039 | H12: =SUM(H2:H11) -> 683 | J12: =SUM(J2:J11) -> 629 | L12: =SUM(L2:L11) -> 170
A13: QUOCIENTE PARTIDÁRIO | B13: =(B12/C21) -> 3.1450677 | D13: =D12/C21 -> 2.1977756 | F13: =F12/C21 -> 1.5072534 | H13: =H12/C21 -> 0.99081238 | J13: =J12/C21 -> 0.91247582 | L13: =L12/C21 -> 0.24661509
B14: =Int(B13) -> 3 | D14: =INT(D13) -> 2 | F14: =INT(F13) -> 1 | H14: =INT(H13) -> 0 | J14: =INT(J13) -> 0 | L14: =INT(L13) -> 0
A15: CALCULO DAS SOBRAS | B15: =B12/(B14+1) -> 542 | D15: =D12/(D14+1) -> 505 | F15: =F12/(F14+1) -> 519.5 | H15: =H12/(H14+1) -> 683 | J15: =J12/(J14+1) -> 629 | L15: =L12/(L14+1) -> 170
B16: 1 | F16: 0 | H16: 1 | J16: 1 | L16: 0
B17: =B12/((B14+B16)+1) -> 433.6 | D17: =D12/(D14+D16+1) -> 505 | F17: =F12/(F14+F16+1) -> 519.5 | H17: =H12/(H14+H16+1) -> 341.5 | J17: =J12/(J14+J16+1) -> 314.5 | L17: =L12/(L14+L16+1) -> 170
D18: 0 | F18: 0 | H18: 0 | J18: 0 | L18: 0
A20: TOTAL DE VOTOS | C20: =SUM(B12:L12) -> 6204
A21: QUOCIENTE | C21: =C20/9 -> 689.33333
A23: PARTIDO | B23: VAGAS | C23: VAGAS AUTO | E23: PREFEITO
A24: PP | B24: =B14+B16+B18 -> 4 | C24: ='Calculo Magico'!B20 -> 4 | E24: FERNANDA | F24: =SUM('APURAÇÃO DOS VOTOS'!B4:Y4) -> 3000 | G24: =F24/(SUM($F$24:$F$26)) -> 0.47641734
A25: PSD | B25: =D14+D16+D18 -> 2 | C25: ='Calculo Magico'!B21 -> 2 | E25: TIAGO | F25: =SUM('APURAÇÃO DOS VOTOS'!B5:Y5) -> 2710 | G25: =F25/(SUM($F$24:$F$26)) -> 0.43036367
A26: MDB | B26: =F14+F16+F18 -> 1 | C26: ='Calculo Magico'!B22 -> 1 | E26: ISAAC | F26: =SUM('APURAÇÃO DOS VOTOS'!B6:Y6) -> 587 | G26: =F26/(SUM($F$24:$F$26)) -> 0.093218993
A27: UB | B27: =H14+H16+H18 -> 1 | C27: ='Calculo Magico'!B23 -> 1 | E27: TOTAL | F27: =SUM(F24:F26) -> 6297
A28: PL | B28: =J14+J16+J18 -> 1 | C28: ='Calculo Magico'!B24 -> 1
A29: PT | B29: =L14+L16+L18 -> 0 | C29: ='Calculo Magico'!B25 -> 0

Sheet Calculo Magico
A1: PROGRESSISTAS | C1: PSD | E1: MDB | G1: UB | I1: PL | K1: PT
A2: AGUINALDO | B2: =SUM('APURAÇÃO DOS VOTOS'!B8:Y8) -> 330 | C2: EVERALDO | D2: =SUM('APURAÇÃO DOS VOTOS'!B19:Y19) -> 227 | E2: ALDO | F2: =SUM('APURAÇÃO DOS VOTOS'!B30:Y30) -> 64 | G2: ARILTON | H2: =SUM('APURAÇÃO DOS VOTOS'!B37:Y37) -> 137 | I2: DAURI | J2: =SUM('APURAÇÃO DOS VOTOS'!B44:Y44) -> 192 | K2: LUIZ | L2: =SUM('APURAÇÃO DOS VOTOS'!B51:Y51) -> 20
A3: BRUNO | B3: =SUM('APURAÇÃO DOS VOTOS'!B9:Y9) -> 174 | C3: GUI | D3: =SUM('APURAÇÃO DOS VOTOS'!B20:Y20) -> 366 | E3: BIANCA | F3: =SUM('APURAÇÃO DOS VOTOS'!B31:Y31) -> 317 | G3: GABRIEL | H3: =SUM('APURAÇÃO DOS VOTOS'!B38:Y38) -> 128 | I3: JANAINA | J3: =SUM('APURAÇÃO DOS VOTOS'!B45:Y45) -> 181 | K3: LUCIANA | L3: =SUM('APURAÇÃO DOS VOTOS'!B52:Y52) -> 74
A4: CELINHO | B4: =SUM('APURAÇÃO DOS VOTOS'!B10:Y10) -> 246 | C4: GUTO | D4: =SUM('APURAÇÃO DOS VOTOS'!B21:Y21) -> 66 | E4: DEDI | F4: =SUM('APURAÇÃO DOS VOTOS'!B32:Y32) -> 228 | G4: NANDO | H4: =SUM('APURAÇÃO DOS VOTOS'!B39:Y39) -> 39 | I4: JUBA | J4: =SUM('APURAÇÃO DOS VOTOS'!B46:Y46) -> 78 | K4: ZENON | L4: =SUM('APURAÇÃO DOS VOTOS'!B53:Y53) -> 76
A5: CESINHA | B5: =SUM('APURAÇÃO DOS VOTOS'!B11:Y11) -> 158 | C5: IVOLI | D5: =SUM('APURAÇÃO DOS VOTOS'!B22:Y22) -> 183 | E5: DINHO | F5: =SUM('APURAÇÃO DOS VOTOS'!B33:Y33) -> 167 | G5: PATRICIA | H5: =SUM('APURAÇÃO DOS VOTOS'!B40:Y40) -> 7 | I5: MANECA | J5: =SUM('APURAÇÃO DOS VOTOS'!B47:Y47) -> 38
A6: FABRICIO | B6: =SUM('APURAÇÃO DOS VOTOS'!B12:Y12) -> 511 | C6: JUNINHO | D6: =SUM('APURAÇÃO DOS VOTOS'!B23:Y23) -> 96 | E6: NICE | F6: =SUM('APURAÇÃO DOS VOTOS'!B34:Y34) -> 3 | G6: PRISCILLA | H6: =SUM('APURAÇÃO DOS VOTOS'!B41:Y41) -> 205 | I6: VALDEMAR | J6: =SUM('APURAÇÃO DOS VOTOS'!B48:Y48) -> 19
A7: FRANCIELE | B7: =SUM('APURAÇÃO DOS VOTOS'!B13:Y13) -> 116 | C7: NARA | D7: =SUM('APURAÇÃO DOS VOTOS'!B24:Y24) -> 55 | E7: ZOINHO | F7: =SUM('APURAÇÃO DOS VOTOS'!B35:Y35) -> 260 | G7: TIAGO | H7: =SUM('APURAÇÃO DOS VOTOS'!B42:Y42) -> 167 | I7: VALDIR | J7: =SUM('APURAÇÃO DOS VOTOS'!B49:Y49) -> 121
A8: KARINA | B8: =SUM('APURAÇÃO DOS VOTOS'!B14:Y14) -> 36 | C8: RAQUEL | D8: =SUM('APURAÇÃO DOS VOTOS'!B25:Y25) -> 148
A9: ROBINHO | B9: =SUM('APURAÇÃO DOS VOTOS'!B15:Y15) -> 106 | C9: RONALDO | D9: =SUM('APURAÇÃO DOS VOTOS'!B26:Y26) -> 31
A10: RUANITO | B10: =SUM('APURAÇÃO DOS VOTOS'!B16:Y16) -> 206 | C10: SERGIO | D10: =SUM('APURAÇÃO DOS VOTOS'!B27:Y27) -> 298
A11: VANESSA | B11: =SUM('APURAÇÃO DOS VOTOS'!B17:Y17) -> 285 | C11: TOMAZIA | D11: =SUM('APURAÇÃO DOS VOTOS'!B28:Y28) -> 45
A12: TOTAL | B12: =SUM(B2:B11) -> 2168 | D12: =SUM(D2:D11) -> 1515 | F12: =SUM(F2:F11) -> 1039 | H12: =SUM(H2:H11) -> 683 | J12: =SUM(J2:J11) -> 629 | L12: =SUM(L2:L11) -> 170
A13: QUOCIENTE PARTIDÁRIO | B13: =(B12/C17) -> 3.1450677 | D13: =D12/C17 -> 2.1977756 | F13: =F12/C17 -> 1.5072534 | H13: =H12/C17 -> 0.99081238 | J13: =J12/C17 -> 0.91247582 | L13: =L12/C17 -> 0.24661509
B14: =Int(B13) -> 3 | D14: =INT(D13) -> 2 | F14: =INT(F13) -> 1 | H14: =INT(H13) -> 0 | J14: =INT(J13) -> 0 | L14: =INT(L13) -> 0
A16: TOTAL DE VOTOS | C16: =SUM(B12:L12) -> 6204
A17: QUOCIENTE | C17: =C16/9 -> 689.33333
A19: PARTIDO | B19: VAGAS AUTO
A20: PP | B20: =Z40 -> 4 | E20: PREFEITO
A21: PSD | B21: =Z41 -> 2 | E21: FERNANDA | F21: =SUM('APURAÇÃO DOS VOTOS'!B4:Y4) -> 3000 | G21: =F21/(SUM($F$24:$F$28)) -> 0.47641734
A22: MDB | B22: =Z42 -> 1 | E22: TIAGO | F22: =SUM('APURAÇÃO DOS VOTOS'!B5:Y5) -> 2710 | G22: =F22/(SUM($F$24:$F$28)) -> 0.43036367
A23: UB | B23: =Z43 -> 1 | E23: ISAAC | F23: =SUM('APURAÇÃO DOS VOTOS'!B6:Y6) -> 587 | G23: =F23/(SUM($F$24:$F$28)) -> 0.093218993
A24: PL | B24: =Z44 -> 1 | E24: TOTAL | F24: =SUM(F21:F23) -> 6297 | N24: TOTAL DE VOTOS | O24: =SUM(B16:L16) -> 6204
A25: PT | B25: =Z45 -> 0 | N25: QUOCIENTE PARTIDÁRIO | O25: =Int((B16/($O$24/9))) -> 0 | P25: =Int((D16/($O$24/9))) -> 0 | Q25: =Int((F16/($O$24/9))) -> 0 | R25: =Int((H16/($O$24/9))) -> 0 | S25: =Int((J16/($O$24/9))) -> 0 | T25: =Int((L16/($O$24/9))) -> 0
O27: PP | P27: PSD | Q27: MDB | R27: UB | S27: PL | T27: PT
A28: VEREADORES MAIS VOTADOS | D28: VEREADORES MAIS VOTADOS POR PARTIDO | N28: 1 | O28: =$B$12/($O$21+N28) -> 2168 | P28: =$D$12/($P$21+N28) -> 1515 | Q28: =$F$12/($Q$21+N28) -> 1039 | R28: =$H$12/($R$21+N28) -> 683 | S28: =$J$12/($S$21+N28) -> 629 | T28: =$L$12/($T$21+N28) -> 170
A29: =IFERROR(__xludf.DUMMYFUNCTION("SORT(ARRAYFORMULA(FLATTEN({ A2:A11&"" "" &B2:B11&"" ""&""- PROGRESSISTAS""; C2:C11&"" "" &D2:D11&"" ""&""- PSD""; E2:E11&"" "" &F2:F11&"" ""&""- MDB""; G2:G11&"" "" &H2:H11&"" ""&""- UB""; I2:I11&"" "" &J2:J11&"" ""&""- PL""; K2:K11&"" "" &L2:"&"L11&"" ""&""- PT"" })), ARRAYFORMULA(FLATTEN({ B2:B11;D2:D11;F2:F11;H2:H11;J2:J11;L2:L11 })), FALSE)"),"FABRICIO 511 - PROGRESSISTAS") -> FABRICIO 511 - PROGRESSISTAS | D29: =A1 -> PROGRESSISTAS | E29: =C1 -> PSD | F29: =E1 -> MDB | G29: =G1 -> UB | H29: =I1 -> PL | I29: =K1 -> PT | N29: 2 | O29: =$B$12/($O$21+N29) -> 1084 | P29: =$D$12/($P$21+N29) -> 757.5 | Q29: =$F$12/($Q$21+N29) -> 519.5 | R29: =$H$12/($R$21+N29) -> 341.5 | S29: =$J$12/($S$21+N29) -> 314.5 | T29: =$L$12/($T$21+N29) -> 85
A30: =IFERROR(__xludf.DUMMYFUNCTION("""COMPUTED_VALUE"""),"GUI 366 - PSD") -> GUI 366 - PSD | D30: {=IF(B20>0, SORT(A2:A11 & " " & B2:B11, B2:B11, FALSE) , "")} -> FABRICIO 511 | E30: {=IF(B21>0, SORT(C2:C11 & " " & D2:D11, D2:D11, FALSE) , "")} -> GUI 366 | F30: {=IF(B22>0, SORT(E2:E11 & " " & F2:F11, F2:F11, FALSE) , "")} -> BIANCA 317 | G30: {=IF(B23>0, SORT(G2:G11 & " " & H2:H11, H2:H11, FALSE) , "Não Há")} -> PRISCILLA 205 | H30: {=IF(B24>0, SORT(I2:I11 & " " & J2:J11, J2:J11, FALSE) , "Não Há")} -> DAURI 192 | I30: {=IF(B25>0, SORT(K2:K11 & " " & L2:L11, L2:L11, FALSE) , "Não Há")} -> Não Há | N30: 3 | O30: =$B$12/($O$21+N30) -> 722.66667 | P30: =$D$12/($P$21+N30) -> 505 | Q30: =$F$12/($Q$21+N30) -> 346.33333 | R30: =$H$12/($R$21+N30) -> 227.66667 | S30: =$J$12/($S$21+N30) -> 209.66667 | T30: =$L$12/($T$21+N30) -> 56.666667
A31: =IFERROR(__xludf.DUMMYFUNCTION("""COMPUTED_VALUE"""),"AGUINALDO 330 - PROGRESSISTAS") -> AGUINALDO 330 - PROGRESSISTAS | D31: AGUINALDO 330 | E31: SERGIO 298 | N31: 4 | O31: =$B$12/($O$21+N31) -> 542 | P31: =$D$12/($P$21+N31) -> 378.75 | Q31: =$F$12/($Q$21+N31) -> 259.75 | R31: =$H$12/($R$21+N31) -> 170.75 | S31: =$J$12/($S$21+N31) -> 157.25 | T31: =$L$12/($T$21+N31) -> 42.5
A32: =IFERROR(__xludf.DUMMYFUNCTION("""COMPUTED_VALUE"""),"BIANCA 317 - MDB") -> BIANCA 317 - MDB | D32: VANESSA 285 | N32: 5 | O32: =$B$12/($O$21+N32) -> 433.6 | P32: =$D$12/($P$21+N32) -> 303 | Q32: =$F$12/($Q$21+N32) -> 207.8 | R32: =$H$12/($R$21+N32) -> 136.6 | S32: =$J$12/($S$21+N32) -> 125.8 | T32: =$L$12/($T$21+N32) -> 34
A33: =IFERROR(__xludf.DUMMYFUNCTION("""COMPUTED_VALUE"""),"SERGIO 298 - PSD") -> SERGIO 298 - PSD | D33: CELINHO 246 | N33: 6 | O33: =$B$12/($O$21+N33) -> 361.33333 | P33: =$D$12/($P$21+N33) -> 252.5 | Q33: =$F$12/($Q$21+N33) -> 173.16667 | R33: =$H$12/($R$21+N33) -> 113.83333 | S33: =$J$12/($S$21+N33) -> 104.83333 | T33: =$L$12/($T$21+N33) -> 28.333333
A34: =IFERROR(__xludf.DUMMYFUNCTION("""COMPUTED_VALUE"""),"VANESSA 285 - PROGRESSISTAS") -> VANESSA 285 - PROGRESSISTAS | N34: 7 | O34: =$B$12/($O$21+N34) -> 309.71429 | P34: =$D$12/($P$21+N34) -> 216.42857 | Q34: =$F$12/($Q$21+N34) -> 148.42857 | R34: =$H$12/($R$21+N34) -> 97.571429 | S34: =$J$12/($S$21+N34) -> 89.857143 | T34: =$L$12/($T$21+N34) -> 24.285714
A35: =IFERROR(__xludf.DUMMYFUNCTION("""COMPUTED_VALUE"""),"ZOINHO 260 - MDB") -> ZOINHO 260 - MDB | N35: 8 | O35: =$B$12/($O$21+N35) -> 271 | P35: =$D$12/($P$21+N35) -> 189.375 | Q35: =$F$12/($Q$21+N35) -> 129.875 | R35: =$H$12/($R$21+N35) -> 85.375 | S35: =$J$12/($S$21+N35) -> 78.625 | T35: =$L$12/($T$21+N35) -> 21.25
A36: =IFERROR(__xludf.DUMMYFUNCTION("""COMPUTED_VALUE"""),"CELINHO 246 - PROGRESSISTAS") -> CELINHO 246 - PROGRESSISTAS | N36: 9 | O36: =$B$12/($O$21+N36) -> 240.88889 | P36: =$D$12/($P$21+N36) -> 168.33333 | Q36: =$F$12/($Q$21+N36) -> 115.44444 | R36: =$H$12/($R$21+N36) -> 75.888889 | S36: =$J$12/($S$21+N36) -> 69.888889 | T36: =$L$12/($T$21+N36) -> 18.888889
A37: =IFERROR(__xludf.DUMMYFUNCTION("""COMPUTED_VALUE"""),"DEDI 228 - MDB") -> DEDI 228 - MDB
A38: =IFERROR(__xludf.DUMMYFUNCTION("""COMPUTED_VALUE"""),"EVERALDO 227 - PSD") -> EVERALDO 227 - PSD | R38: 1 | S38: 2 | T38: 3 | U38: 4 | V38: 5 | W38: 6 | X38: 7 | Y38: 8
A39: =IFERROR(__xludf.DUMMYFUNCTION("""COMPUTED_VALUE"""),"RUANITO 206 - PROGRESSISTAS") -> RUANITO 206 - PROGRESSISTAS | O39: Partido | P39: Quociente Partidario | Q39: Sobras 1 | R39: Sobras 2 | S39: Sobras 3 | T39: Sobras 4 | U39: Sobras 5 | V39: Sobras 6 | W39: Sobras 7 | X39: Sobras 8 | Y39: Sobras 9 | Z39: Total
A40: =IFERROR(__xludf.DUMMYFUNCTION("""COMPUTED_VALUE"""),"PRISCILLA 205 - UB") -> PRISCILLA 205 - UB | O40: PP | P40: =O25 -> 0 | Q40: =IF(COUNTIF($O$28:$O$36, IFERROR(LARGE($O$28:$T$36, $P$47-Q38), 0)) > 0, 1, 0) -> 1 | R40: =IF(COUNTIF($O$28:$O$36, IFERROR(LARGE($O$28:$T$36, $P$47-R38), 0)) > 0, 1, 0) -> 0 | S40: =IF(COUNTIF($O$28:$O$36, IFERROR(LARGE($O$28:$T$36, $P$47-S38), 0)) > 0, 1, 0) -> 0 | T40: =IF(COUNTIF($O$28:$O$36, IFERROR(LARGE($O$28:$T$36, $P$47-T38), 0)) > 0, 1, 0) -> 1 | U40: =IF(COUNTIF($O$28:$O$36, IFERROR(LARGE($O$28:$T$36, $P$47-U38), 0)) > 0, 1, 0) -> 0 | V40: =IF(COUNTIF($O$28:$O$36, IFERROR(LARGE($O$28:$T$36, $P$47-V38), 0)) > 0, 1, 0) -> 0 | W40: =IF(COUNTIF($O$28:$O$36, IFERROR(LARGE($O$28:$T$36, $P$47-W38), 0)) > 0, 1, 0) -> 1 | X40: =IF(COUNTIF($O$28:$O$36, IFERROR(LARGE($O$28:$T$36, $P$47-X38), 0)) > 0, 1, 0) -> 0 | Y40: =IF(COUNTIF($O$28:$O$36, IFERROR(LARGE($O$28:$T$36, $P$47-Y38), 0)) > 0, 1, 0) -> 1 | Z40: =SUM(P40:Y40) -> 4
A41: =IFERROR(__xludf.DUMMYFUNCTION("""COMPUTED_VALUE"""),"DAURI 192 - PL") -> DAURI 192 - PL | O41: PSD | P41: =P25 -> 0 | Q41: =IF(COUNTIF($P$28:$P$36, IFERROR(LARGE($O$28:$T$36, $P$47-Q38), 0)) > 0, 1, 0) -> 0 | R41: =IF(COUNTIF($P$28:$P$36, IFERROR(LARGE($O$28:$T$36, $P$47-R38), 0)) > 0, 1, 0) -> 0 | S41: =IF(COUNTIF($P$28:$P$36, IFERROR(LARGE($O$28:$T$36, $P$47-S38), 0)) > 0, 1, 0) -> 0 | T41: =IF(COUNTIF($P$28:$P$36, IFERROR(LARGE($O$28:$T$36, $P$47-T38), 0)) > 0, 1, 0) -> 0 | U41: =IF(COUNTIF($P$28:$P$36, IFERROR(LARGE($O$28:$T$36, $P$47-U38), 0)) > 0, 1, 0) -> 1 | V41: =IF(COUNTIF($P$28:$P$36, IFERROR(LARGE($O$28:$T$36, $P$47-V38), 0)) > 0, 1, 0) -> 0 | W41: =IF(COUNTIF($P$28:$P$36, IFERROR(LARGE($O$28:$T$36, $P$47-W38), 0)) > 0, 1, 0) -> 0 | X41: =IF(COUNTIF($P$28:$P$36, IFERROR(LARGE($O$28:$T$36, $P$47-X38), 0)) > 0, 1, 0) -> 1 | Y41: =IF(COUNTIF($P$28:$P$36, IFERROR(LARGE($O$28:$T$36, $P$47-Y38), 0)) > 0, 1, 0) -> 0 | Z41: =SUM(P41:Y41) -> 2
A42: =IFERROR(__xludf.DUMMYFUNCTION("""COMPUTED_VALUE"""),"IVOLI 183 - PSD") -> IVOLI 183 - PSD | O42: MDB | P42: =Q25 -> 0 | Q42: =IF(COUNTIF($Q$28:$Q$36, IFERROR(LARGE($O$28:$T$36, $P$47-Q38), 0)) > 0, 1, 0) -> 0 | R42: =IF(COUNTIF($Q$28:$Q$36, IFERROR(LARGE($O$28:$T$36, $P$47-R38), 0)) > 0, 1, 0) -> 0 | S42: =IF(COUNTIF($Q$28:$Q$36, IFERROR(LARGE($O$28:$T$36, $P$47-S38), 0)) > 0, 1, 0) -> 0 | T42: =IF(COUNTIF($Q$28:$Q$36, IFERROR(LARGE($O$28:$T$36, $P$47-T38), 0)) > 0, 1, 0) -> 0 | U42: =IF(COUNTIF($Q$28:$Q$36, IFERROR(LARGE($O$28:$T$36, $P$47-U38), 0)) > 0, 1, 0) -> 0 | V42: =IF(COUNTIF($Q$28:$Q$36, IFERROR(LARGE($O$28:$T$36, $P$47-V38), 0)) > 0, 1, 0) -> 1 | W42: =IF(COUNTIF($Q$28:$Q$36, IFERROR(LARGE($O$28:$T$36, $P$47-W38), 0)) > 0, 1, 0) -> 0 | X42: =IF(COUNTIF($Q$28:$Q$36, IFERROR(LARGE($O$28:$T$36, $P$47-X38), 0)) > 0, 1, 0) -> 0 | Y42: =IF(COUNTIF($Q$28:$Q$36, IFERROR(LARGE($O$28:$T$36, $P$47-Y38), 0)) > 0, 1, 0) -> 0 | Z42: =SUM(P42:Y42) -> 1
A43: =IFERROR(__xludf.DUMMYFUNCTION("""COMPUTED_VALUE"""),"JANAINA 181 - PL") -> JANAINA 181 - PL | O43: UB | P43: =R25 -> 0 | Q43: =IF(COUNTIF($R$28:$R$36, IFERROR(LARGE($O$28:$T$36, $P$47-Q38), 0)) > 0, 1, 0) -> 0 | R43: =IF(COUNTIF($R$28:$R$36, IFERROR(LARGE($O$28:$T$36, $P$47-R38), 0)) > 0, 1, 0) -> 0 | S43: =IF(COUNTIF($R$28:$R$36, IFERROR(LARGE($O$28:$T$36, $P$47-S38), 0)) > 0, 1, 0) -> 1 | T43: =IF(COUNTIF($R$28:$R$36, IFERROR(LARGE($O$28:$T$36, $P$47-T38), 0)) > 0, 1, 0) -> 0 | U43: =IF(COUNTIF($R$28:$R$36, IFERROR(LARGE($O$28:$T$36, $P$47-U38), 0)) > 0, 1, 0) -> 0 | V43: =IF(COUNTIF($R$28:$R$36, IFERROR(LARGE($O$28:$T$36, $P$47-V38), 0)) > 0, 1, 0) -> 0 | W43: =IF(COUNTIF($R$28:$R$36, IFERROR(LARGE($O$28:$T$36, $P$47-W38), 0)) > 0, 1, 0) -> 0 | X43: =IF(COUNTIF($R$28:$R$36, IFERROR(LARGE($O$28:$T$36, $P$47-X38), 0)) > 0, 1, 0) -> 0 | Y43: =IF(COUNTIF($R$28:$R$36, IFERROR(LARGE($O$28:$T$36, $P$47-Y38), 0)) > 0, 1, 0) -> 0 | Z43: =SUM(P43:Y43) -> 1
A44: =IFERROR(__xludf.DUMMYFUNCTION("""COMPUTED_VALUE"""),"BRUNO 174 - PROGRESSISTAS") -> BRUNO 174 - PROGRESSISTAS | O44: PL | P44: =S25 -> 0 | Q44: =IF(COUNTIF($S$28:$S$36, IFERROR(LARGE($O$28:$T$36, $P$47-Q38), 0)) > 0, 1, 0) -> 0 | R44: =IF(COUNTIF($S$28:$S$36, IFERROR(LARGE($O$28:$T$36, $P$47-R38), 0)) > 0, 1, 0) -> 1 | S44: =IF(COUNTIF($S$28:$S$36, IFERROR(LARGE($O$28:$T$36, $P$47-S38), 0)) > 0, 1, 0) -> 0 | T44: =IF(COUNTIF($S$28:$S$36, IFERROR(LARGE($O$28:$T$36, $P$47-T38), 0)) > 0, 1, 0) -> 0 | U44: =IF(COUNTIF($S$28:$S$36, IFERROR(LARGE($O$28:$T$36, $P$47-U38), 0)) > 0, 1, 0) -> 0 | V44: =IF(COUNTIF($S$28:$S$36, IFERROR(LARGE($O$28:$T$36, $P$47-V38), 0)) > 0, 1, 0) -> 0 | W44: =IF(COUNTIF($S$28:$S$36, IFERROR(LARGE($O$28:$T$36, $P$47-W38), 0)) > 0, 1, 0) -> 0 | X44: =IF(COUNTIF($S$28:$S$36, IFERROR(LARGE($O$28:$T$36, $P$47-X38), 0)) > 0, 1, 0) -> 0 | Y44: =IF(COUNTIF($S$28:$S$36, IFERROR(LARGE($O$28:$T$36, $P$47-Y38), 0)) > 0, 1, 0) -> 0 | Z44: =SUM(P44:Y44) -> 1
A45: =IFERROR(__xludf.DUMMYFUNCTION("""COMPUTED_VALUE"""),"DINHO 167 - MDB") -> DINHO 167 - MDB | O45: PT | P45: =T25 -> 0 | Q45: =IF(COUNTIF($T$28:$T$36, IFERROR(LARGE($O$28:$T$36, $P$47-Q38), 0)) > 0, 1, 0) -> 0 | R45: =IF(COUNTIF($T$28:$T$36, IFERROR(LARGE($O$28:$T$36, $P$47-R38), 0)) > 0, 1, 0) -> 0 | S45: =IF(COUNTIF($T$28:$T$36, IFERROR(LARGE($O$28:$T$36, $P$47-S38), 0)) > 0, 1, 0) -> 0 | T45: =IF(COUNTIF($T$28:$T$36, IFERROR(LARGE($O$28:$T$36, $P$47-T38), 0)) > 0, 1, 0) -> 0 | U45: =IF(COUNTIF($T$28:$T$36, IFERROR(LARGE($O$28:$T$36, $P$47-U38), 0)) > 0, 1, 0) -> 0 | V45: =IF(COUNTIF($T$28:$T$36, IFERROR(LARGE($O$28:$T$36, $P$47-V38), 0)) > 0, 1, 0) -> 0 | W45: =IF(COUNTIF($T$28:$T$36, IFERROR(LARGE($O$28:$T$36, $P$47-W38), 0)) > 0, 1, 0) -> 0 | X45: =IF(COUNTIF($T$28:$T$36, IFERROR(LARGE($O$28:$T$36, $P$47-X38), 0)) > 0, 1, 0) -> 0 | Y45: =IF(COUNTIF($T$28:$T$36, IFERROR(LARGE($O$28:$T$36, $P$47-Y38), 0)) > 0, 1, 0) -> 0 | Z45: =SUM(P45:Y45) -> 0
A46: =IFERROR(__xludf.DUMMYFUNCTION("""COMPUTED_VALUE"""),"TIAGO 167 - UB") -> TIAGO 167 - UB
A47: =IFERROR(__xludf.DUMMYFUNCTION("""COMPUTED_VALUE"""),"CESINHA 158 - PROGRESSISTAS") -> CESINHA 158 - PROGRESSISTAS | P47: =9 -SUM(P40:P45) -> 9 | Z47: =SUM(Z40:Z45) -> 9
A48: =IFERROR(__xludf.DUMMYFUNCTION("""COMPUTED_VALUE"""),"RAQUEL 148 - PSD") -> RAQUEL 148 - PSD
A49: =IFERROR(__xludf.DUMMYFUNCTION("""COMPUTED_VALUE"""),"ARILTON 137 - UB") -> ARILTON 137 - UB
A50: =IFERROR(__xludf.DUMMYFUNCTION("""COMPUTED_VALUE"""),"GABRIEL 128 - UB") -> GABRIEL 128 - UB | N50: AGUINALDO | O50: =SUM('APURAÇÃO DOS VOTOS'!B8:Y8) -> 330 | P50: 1 | Q50: =LARGE($O$50:$O$90,P50) -> 511 | R50: =INDEX($N$50:$N$90, MATCH(Q50, $O$50:$O$90, 0)) -> FABRICIO
A51: =IFERROR(__xludf.DUMMYFUNCTION("""COMPUTED_VALUE"""),"VALDIR 121 - PL") -> VALDIR 121 - PL | N51: BRUNO | O51: =SUM('APURAÇÃO DOS VOTOS'!B9:Y9) -> 174 | P51: 2 | Q51: =LARGE($O$50:$O$90,P51) -> 366 | R51: =INDEX($N$50:$N$90, MATCH(Q51, $O$50:$O$90, 0)) -> GUI
A52: =IFERROR(__xludf.DUMMYFUNCTION("""COMPUTED_VALUE"""),"FRANCIELE 116 - PROGRESSISTAS") -> FRANCIELE 116 - PROGRESSISTAS | N52: CELINHO | O52: =SUM('APURAÇÃO DOS VOTOS'!B10:Y10) -> 246 | P52: 3 | Q52: =LARGE($O$50:$O$90,P52) -> 330 | R52: =INDEX($N$50:$N$90, MATCH(Q52, $O$50:$O$90, 0)) -> AGUINALDO
A53: =IFERROR(__xludf.DUMMYFUNCTION("""COMPUTED_VALUE"""),"ROBINHO 106 - PROGRESSISTAS") -> ROBINHO 106 - PROGRESSISTAS | N53: CESINHA | O53: =SUM('APURAÇÃO DOS VOTOS'!B11:Y11) -> 158 | P53: 4 | Q53: =LARGE($O$50:$O$90,P53) -> 317 | R53: =INDEX($N$50:$N$90, MATCH(Q53, $O$50:$O$90, 0)) -> BIANCA
A54: =IFERROR(__xludf.DUMMYFUNCTION("""COMPUTED_VALUE"""),"JUNINHO 96 - PSD") -> JUNINHO 96 - PSD | N54: FABRICIO | O54: =SUM('APURAÇÃO DOS VOTOS'!B12:Y12) -> 511 | P54: 5 | Q54: =LARGE($O$50:$O$90,P54) -> 298 | R54: =INDEX($N$50:$N$90, MATCH(Q54, $O$50:$O$90, 0)) -> SERGIO
A55: =IFERROR(__xludf.DUMMYFUNCTION("""COMPUTED_VALUE"""),"JUBA 78 - PL") -> JUBA 78 - PL | N55: FRANCIELE | O55: =SUM('APURAÇÃO DOS VOTOS'!B13:Y13) -> 116 | P55: 6 | Q55: =LARGE($O$50:$O$90,P55) -> 285 | R55: =INDEX($N$50:$N$90, MATCH(Q55, $O$50:$O$90, 0)) -> VANESSA
A56: =IFERROR(__xludf.DUMMYFUNCTION("""COMPUTED_VALUE"""),"ZENON 76 - PT") -> ZENON 76 - PT | N56: KARINA | O56: =SUM('APURAÇÃO DOS VOTOS'!B14:Y14) -> 36 | P56: 7 | Q56: =LARGE($O$50:$O$90,P56) -> 260 | R56: =INDEX($N$50:$N$90, MATCH(Q56, $O$50:$O$90, 0)) -> ZOINHO
A57: =IFERROR(__xludf.DUMMYFUNCTION("""COMPUTED_VALUE"""),"LUCIANA 74 - PT") -> LUCIANA 74 - PT | N57: ROBINHO | O57: =SUM('APURAÇÃO DOS VOTOS'!B15:Y15) -> 106 | P57: 8 | Q57: =LARGE($O$50:$O$90,P57) -> 246 | R57: =INDEX($N$50:$N$90, MATCH(Q57, $O$50:$O$90, 0)) -> CELINHO
A58: =IFERROR(__xludf.DUMMYFUNCTION("""COMPUTED_VALUE"""),"GUTO 66 - PSD") -> GUTO 66 - PSD | N58: RUANITO | O58: =SUM('APURAÇÃO DOS VOTOS'!B16:Y16) -> 206 | P58: 9 | Q58: =LARGE($O$50:$O$90,P58) -> 228 | R58: =INDEX($N$50:$N$90, MATCH(Q58, $O$50:$O$90, 0)) -> DEDI
A59: =IFERROR(__xludf.DUMMYFUNCTION("""COMPUTED_VALUE"""),"ALDO 64 - MDB") -> ALDO 64 - MDB | N59: VANESSA | O59: =SUM('APURAÇÃO DOS VOTOS'!B17:Y17) -> 285 | P59: 10 | Q59: =LARGE($O$50:$O$90,P59) -> 227 | R59: =INDEX($N$50:$N$90, MATCH(Q59, $O$50:$O$90, 0)) -> EVERALDO
A60: =IFERROR(__xludf.DUMMYFUNCTION("""COMPUTED_VALUE"""),"NARA 55 - PSD") -> NARA 55 - PSD | N60: EVERALDO | O60: =SUM('APURAÇÃO DOS VOTOS'!B19:Y19) -> 227 | P60: 11 | Q60: =LARGE($O$50:$O$90,P60) -> 206 | R60: =INDEX($N$50:$N$90, MATCH(Q60, $O$50:$O$90, 0)) -> RUANITO
A61: =IFERROR(__xludf.DUMMYFUNCTION("""COMPUTED_VALUE"""),"TOMAZIA 45 - PSD") -> TOMAZIA 45 - PSD | N61: GUI | O61: =SUM('APURAÇÃO DOS VOTOS'!B20:Y20) -> 366 | P61: 12 | Q61: =LARGE($O$50:$O$90,P61) -> 205 | R61: =INDEX($N$50:$N$90, MATCH(Q61, $O$50:$O$90, 0)) -> PRISCILLA
A62: =IFERROR(__xludf.DUMMYFUNCTION("""COMPUTED_VALUE"""),"NANDO 39 - UB") -> NANDO 39 - UB | N62: GUTO | O62: =SUM('APURAÇÃO DOS VOTOS'!B21:Y21) -> 66 | P62: 13 | Q62: =LARGE($O$50:$O$90,P62) -> 192 | R62: =INDEX($N$50:$N$90, MATCH(Q62, $O$50:$O$90, 0)) -> DAURI
A63: =IFERROR(__xludf.DUMMYFUNCTION("""COMPUTED_VALUE"""),"MANECA 38 - PL") -> MANECA 38 - PL | N63: IVOLI | O63: =SUM('APURAÇÃO DOS VOTOS'!B22:Y22) -> 183 | P63: 14 | Q63: =LARGE($O$50:$O$90,P63) -> 183 | R63: =INDEX($N$50:$N$90, MATCH(Q63, $O$50:$O$90, 0)) -> IVOLI
A64: =IFERROR(__xludf.DUMMYFUNCTION("""COMPUTED_VALUE"""),"KARINA 36 - PROGRESSISTAS") -> KARINA 36 - PROGRESSISTAS | N64: JUNINHO | O64: =SUM('APURAÇÃO DOS VOTOS'!B23:Y23) -> 96 | P64: 15 | Q64: =LARGE($O$50:$O$90,P64) -> 181 | R64: =INDEX($N$50:$N$90, MATCH(Q64, $O$50:$O$90, 0)) -> JANAINA
A65: =IFERROR(__xludf.DUMMYFUNCTION("""COMPUTED_VALUE"""),"RONALDO 31 - PSD") -> RONALDO 31 - PSD | N65: NARA | O65: =SUM('APURAÇÃO DOS VOTOS'!B24:Y24) -> 55 | P65: 16 | Q65: =LARGE($O$50:$O$90,P65) -> 174 | R65: =INDEX($N$50:$N$90, MATCH(Q65, $O$50:$O$90, 0)) -> BRUNO
A66: =IFERROR(__xludf.DUMMYFUNCTION("""COMPUTED_VALUE"""),"LUIZ 20 - PT") -> LUIZ 20 - PT | N66: RAQUEL | O66: =SUM('APURAÇÃO DOS VOTOS'!B25:Y25) -> 148 | P66: 17 | Q66: =LARGE($O$50:$O$90,P66) -> 167 | R66: =INDEX($N$50:$N$90, MATCH(Q66, $O$50:$O$90, 0)) -> DINHO
A67: =IFERROR(__xludf.DUMMYFUNCTION("""COMPUTED_VALUE"""),"VALDEMAR 19 - PL") -> VALDEMAR 19 - PL | N67: RONALDO | O67: =SUM('APURAÇÃO DOS VOTOS'!B26:Y26) -> 31 | P67: 18 | Q67: =LARGE($O$50:$O$90,P67) -> 167 | R67: =INDEX($N$50:$N$90, MATCH(Q67, $O$50:$O$90, 0)) -> DINHO
A68: =IFERROR(__xludf.DUMMYFUNCTION("""COMPUTED_VALUE"""),"PATRICIA 7 - UB") -> PATRICIA 7 - UB | N68: SERGIO | O68: =SUM('APURAÇÃO DOS VOTOS'!B27:Y27) -> 298 | P68: 19 | Q68: =LARGE($O$50:$O$90,P68) -> 158 | R68: =INDEX($N$50:$N$90, MATCH(Q68, $O$50:$O$90, 0)) -> CESINHA
A69: =IFERROR(__xludf.DUMMYFUNCTION("""COMPUTED_VALUE"""),"NICE 3 - MDB") -> NICE 3 - MDB | N69: TOMAZIA | O69: =SUM('APURAÇÃO DOS VOTOS'!B28:Y28) -> 45 | P69: 20 | Q69: =LARGE($O$50:$O$90,P69) -> 148 | R69: =INDEX($N$50:$N$90, MATCH(Q69, $O$50:$O$90, 0)) -> RAQUEL
A70: =IFERROR(__xludf.DUMMYFUNCTION("""COMPUTED_VALUE""")," - MDB") -> - MDB | N70: ALDO | O70: =SUM('APURAÇÃO DOS VOTOS'!B30:Y30) -> 64 | P70: 21 | Q70: =LARGE($O$50:$O$90,P70) -> 137 | R70: =INDEX($N$50:$N$90, MATCH(Q70, $O$50:$O$90, 0)) -> ARILTON
A71: =IFERROR(__xludf.DUMMYFUNCTION("""COMPUTED_VALUE""")," - MDB") -> - MDB | N71: BIANCA | O71: =SUM('APURAÇÃO DOS VOTOS'!B31:Y31) -> 317 | P71: 22 | Q71: =LARGE($O$50:$O$90,P71) -> 128 | R71: =INDEX($N$50:$N$90, MATCH(Q71, $O$50:$O$90, 0)) -> GABRIEL
A72: =IFERROR(__xludf.DUMMYFUNCTION("""COMPUTED_VALUE""")," - MDB") -> - MDB | N72: DEDI | O72: =SUM('APURAÇÃO DOS VOTOS'!B32:Y32) -> 228 | P72: 23 | Q72: =LARGE($O$50:$O$90,P72) -> 121 | R72: =INDEX($N$50:$N$90, MATCH(Q72, $O$50:$O$90, 0)) -> VALDIR
A73: =IFERROR(__xludf.DUMMYFUNCTION("""COMPUTED_VALUE""")," - MDB") -> - MDB | N73: DINHO | O73: =SUM('APURAÇÃO DOS VOTOS'!B33:Y33) -> 167 | P73: 24 | Q73: =LARGE($O$50:$O$90,P73) -> 116 | R73: =INDEX($N$50:$N$90, MATCH(Q73, $O$50:$O$90, 0)) -> FRANCIELE
A74: =IFERROR(__xludf.DUMMYFUNCTION("""COMPUTED_VALUE""")," - UB") -> - UB | N74: NICE | O74: =SUM('APURAÇÃO DOS VOTOS'!B34:Y34) -> 3 | P74: 25 | Q74: =LARGE($O$50:$O$90,P74) -> 106 | R74: =INDEX($N$50:$N$90, MATCH(Q74, $O$50:$O$90, 0)) -> ROBINHO
A75: =IFERROR(__xludf.DUMMYFUNCTION("""COMPUTED_VALUE""")," - UB") -> - UB | N75: ZOINHO | O75: =SUM('APURAÇÃO DOS VOTOS'!B35:Y35) -> 260 | P75: 26 | Q75: =LARGE($O$50:$O$90,P75) -> 96 | R75: =INDEX($N$50:$N$90, MATCH(Q75, $O$50:$O$90, 0)) -> JUNINHO
A76: =IFERROR(__xludf.DUMMYFUNCTION("""COMPUTED_VALUE""")," - UB") -> - UB | N76: ARILTON | O76: =SUM('APURAÇÃO DOS VOTOS'!B37:Y37) -> 137 | P76: 27 | Q76: =LARGE($O$50:$O$90,P76) -> 78 | R76: =INDEX($N$50:$N$90, MATCH(Q76, $O$50:$O$90, 0)) -> JUBA
A77: =IFERROR(__xludf.DUMMYFUNCTION("""COMPUTED_VALUE""")," - UB") -> - UB | N77: GABRIEL | O77: =SUM('APURAÇÃO DOS VOTOS'!B38:Y38) -> 128 | P77: 28 | Q77: =LARGE($O$50:$O$90,P77) -> 76 | R77: =INDEX($N$50:$N$90, MATCH(Q77, $O$50:$O$90, 0)) -> ZENON
A78: =IFERROR(__xludf.DUMMYFUNCTION("""COMPUTED_VALUE""")," - PL") -> - PL | N78: NANDO | O78: =SUM('APURAÇÃO DOS VOTOS'!B39:Y39) -> 39 | P78: 29 | Q78: =LARGE($O$50:$O$90,P78) -> 74 | R78: =INDEX($N$50:$N$90, MATCH(Q78, $O$50:$O$90, 0)) -> LUCIANA
A79: =IFERROR(__xludf.DUMMYFUNCTION("""COMPUTED_VALUE""")," - PL") -> - PL | N79: PATRICIA | O79: =SUM('APURAÇÃO DOS VOTOS'!B40:Y40) -> 7 | P79: 30 | Q79: =LARGE($O$50:$O$90,P79) -> 66 | R79: =INDEX($N$50:$N$90, MATCH(Q79, $O$50:$O$90, 0)) -> GUTO
A80: =IFERROR(__xludf.DUMMYFUNCTION("""COMPUTED_VALUE""")," - PL") -> - PL | N80: PRISCILLA | O80: =SUM('APURAÇÃO DOS VOTOS'!B41:Y41) -> 205 | P80: 31 | Q80: =LARGE($O$50:$O$90,P80) -> 64 | R80: =INDEX($N$50:$N$90, MATCH(Q80, $O$50:$O$90, 0)) -> ALDO
A81: =IFERROR(__xludf.DUMMYFUNCTION("""COMPUTED_VALUE""")," - PL") -> - PL | N81: TIAGO | O81: =SUM('APURAÇÃO DOS VOTOS'!B42:Y42) -> 167 | P81: 32 | Q81: =LARGE($O$50:$O$90,P81) -> 55 | R81: =INDEX($N$50:$N$90, MATCH(Q81, $O$50:$O$90, 0)) -> NARA
A82: =IFERROR(__xludf.DUMMYFUNCTION("""COMPUTED_VALUE""")," - PT") -> - PT | N82: DAURI | O82: =SUM('APURAÇÃO DOS VOTOS'!B44:Y44) -> 192 | P82: 33 | Q82: =LARGE($O$50:$O$90,P82) -> 45 | R82: =INDEX($N$50:$N$90, MATCH(Q82, $O$50:$O$90, 0)) -> TOMAZIA
A83: =IFERROR(__xludf.DUMMYFUNCTION("""COMPUTED_VALUE""")," - PT") -> - PT | N83: JANAINA | O83: =SUM('APURAÇÃO DOS VOTOS'!B45:Y45) -> 181 | P83: 34 | Q83: =LARGE($O$50:$O$90,P83) -> 39 | R83: =INDEX($N$50:$N$90, MATCH(Q83, $O$50:$O$90, 0)) -> NANDO
A84: =IFERROR(__xludf.DUMMYFUNCTION("""COMPUTED_VALUE""")," - PT") -> - PT | N84: JUBA | O84: =SUM('APURAÇÃO DOS VOTOS'!B46:Y46) -> 78 | P84: 35 | Q84: =LARGE($O$50:$O$90,P84) -> 38 | R84: =INDEX($N$50:$N$90, MATCH(Q84, $O$50:$O$90, 0)) -> MANECA
A85: =IFERROR(__xludf.DUMMYFUNCTION("""COMPUTED_VALUE""")," - PT") -> - PT | N85: MANECA | O85: =SUM('APURAÇÃO DOS VOTOS'!B47:Y47) -> 38 | P85: 36 | Q85: =LARGE($O$50:$O$90,P85) -> 36 | R85: =INDEX($N$50:$N$90, MATCH(Q85, $O$50:$O$90, 0)) -> KARINA
A86: =IFERROR(__xludf.DUMMYFUNCTION("""COMPUTED_VALUE""")," - PT") -> - PT | N86: VALDEMAR | O86: =SUM('APURAÇÃO DOS VOTOS'!B48:Y48) -> 19 | P86: 37 | Q86: =LARGE($O$50:$O$90,P86) -> 31 | R86: =INDEX($N$50:$N$90, MATCH(Q86, $O$50:$O$90, 0)) -> RONALDO
A87: =IFERROR(__xludf.DUMMYFUNCTION("""COMPUTED_VALUE""")," - PT") -> - PT | N87: VALDIR | O87: =SUM('APURAÇÃO DOS VOTOS'!B49:Y49) -> 121 | P87: 38 | Q87: =LARGE($O$50:$O$90,P87) -> 20 | R87: =INDEX($N$50:$N$90, MATCH(Q87, $O$50:$O$90, 0)) -> LUIZ
A88: =IFERROR(__xludf.DUMMYFUNCTION("""COMPUTED_VALUE""")," - PT") -> - PT | N88: LUIZ | O88: =SUM('APURAÇÃO DOS VOTOS'!B51:Y51) -> 20 | P88: 39 | Q88: =LARGE($O$50:$O$90,P88) -> 19 | R88: =INDEX($N$50:$N$90, MATCH(Q88, $O$50:$O$90, 0)) -> VALDEMAR
N89: LUCIANA | O89: =SUM('APURAÇÃO DOS VOTOS'!B52:Y52) -> 74 | P89: 40 | Q89: =LARGE($O$50:$O$90,P89) -> 7 | R89: =INDEX($N$50:$N$90, MATCH(Q89, $O$50:$O$90, 0)) -> PATRICIA
N90: ZENON | O90: =SUM('APURAÇÃO DOS VOTOS'!B53:Y53) -> 76 | P90: 41 | Q90: =LARGE($O$50:$O$90,P90) -> 3 | R90: =INDEX($N$50:$N$90, MATCH(Q90, $O$50:$O$90, 0)) -> NICE

Sheet APURAÇÃO DOS VOTOS
A1: APURAÇÃO DOS VOTOS | B1: S E Ç Ã O
B2: CENTRO | J2: SOROCABA | L2: RIBEIRÃO | N2: FREITAS | Q2: M. AGUDO | R2: PENHA | Y2: AREIAS
B3: 1 | C3: 2 | D3: 3 | E3: 4 | F3: 5 | G3: 6 | H3: 7 | I3: 218 | J3: 8 | K3: 9 | L3: 10 | M3: 11 | N3: 12 | O3: 13 | P3: 14 | Q3: 15 | R3: 16 | S3: 17 | T3: 18 | U3: 19 | V3: 20 | W3: 21 | X3: 22 | Y3: 25
A4: FERNANDA | B4: 157 | C4: 161 | D4: 153 | E4: 139 | F4: 154 | G4: 145 | H4: 142 | I4: 54 | J4: 103 | K4: 69 | L4: 98 | M4: 108 | N4: 141 | O4: 123 | P4: 114 | Q4: 99 | R4: 129 | S4: 141 | T4: 138 | U4: 120 | V4: 120 | W4: 136 | X4: 151 | Y4: 105
A5: TIAGO | B5: 140 | C5: 128 | D5: 124 | E5: 144 | F5: 148 | G5: 135 | H5: 144 | I5: 87 | J5: 116 | K5: 62 | L5: 76 | M5: 66 | N5: 116 | O5: 153 | P5: 141 | Q5: 128 | R5: 93 | S5: 96 | T5: 94 | U5: 108 | V5: 113 | W5: 94 | X5: 86 | Y5: 118
A6: ISAAC | B6: 42 | C6: 32 | D6: 42 | E6: 40 | F6: 33 | G6: 27 | H6: 42 | I6: 7 | J6: 28 | K6: 19 | L6: 20 | M6: 23 | N6: 35 | O6: 29 | P6: 40 | Q6: 39 | R6: 9 | S6: 4 | T6: 5 | U6: 4 | V6: 7 | W6: 9 | X6: 4 | Y6: 47
A7: PP | P7: 5 | T7: 2 | Y7: 1
A8: AGUINALDO | B8: 13 | C8: 14 | D8: 18 | E8: 8 | F8: 13 | G8: 10 | H8: 9 | I8: 1 | J8: 6 | K8: 2 | L8: 17 | M8: 31 | N8: 62 | O8: 48 | P8: 33 | Q8: 14 | R8: 2 | S8: 7 | T8: 6 | U8: 4 | V8: 4 | W8: 2 | X8: 2 | Y8: 4
A9: BRUNO | B9: 14 | C9: 12 | D9: 10 | E9: 16 | F9: 24 | G9: 19 | H9: 22 | I9: 23 | J9: 8 | K9: 3 | M9: 1 | N9: 4 | O9: 2 | P9: 6 | Q9: 3 | S9: 3 | U9: 2 | V9: 1 | Y9: 1
A10: CELINHO | B10: 4 | C10: 3 | D10: 4 | E10: 10 | F10: 4 | G10: 2 | H10: 1 | I10: 3 | J10: 3 | K10: 2 | M10: 1 | N10: 4 | O10: 3 | P10: 4 | R10: 26 | S10: 29 | T10: 29 | U10: 23 | V10: 31 | W10: 25 | X10: 31 | Y10: 4
A11: CESINHA | B11: 6 | C11: 6 | D11: 7 | E11: 6 | F11: 5 | G11: 9 | H11: 5 | I11: 4 | J11: 1 | M11: 2 | O11: 4 | P11: 3 | Q11: 4 | R11: 10 | S11: 15 | U11: 14 | V11: 39 | W11: 11 | X11: 7
A12: FABRICIO | B12: =22+62 -> 84 | C12: 25 | D12: 21 | E12: 23 | F12: 24 | G12: 20 | H12: 32 | I12: 6 | J12: 22 | K12: 7 | L12: 6 | M12: 7 | N12: 6 | O12: 9 | P12: 17 | Q12: 7 | R12: 16 | S12: 29 | T12: 29 | U12: 31 | V12: 15 | W12: 21 | X12: 30 | Y12: 24
A13: FRANCIELE | B13: 2 | C13: 3 | D13: 1 | E13: 2 | F13: 4 | G13: 1 | H13: 1 | I13: 2 | J13: 1 | L13: 3 | M13: 1 | N13: 1 | O13: 8 | P13: 4 | Q13: 5 | R13: 17 | S13: 11 | T13: 13 | U13: 12 | V13: 3 | W13: 11 | X13: 10
A14: KARINA | B14: 1 | F14: 1 | G14: 1 | H14: 1 | J14: 1 | L14: 13 | M14: 11 | N14: 2 | P14: 2 | Q14: 1 | W14: 1 | Y14: 1
A15: ROBINHO | B15: 3 | C15: 7 | D15: 6 | E15: 5 | F15: 6 | G15: 1 | H15: 7 | I15: 5 | J15: 3 | K15: 2 | L15: 8 | M15: 6 | N15: 2 | O15: 3 | Q15: 1 | R15: 8 | S15: 3 | T15: 6 | U15: 5 | V15: 5 | W15: 6 | X15: 7 | Y15: 1
A16: RUANITO | B16: 19 | C16: 18 | D16: 9 | E16: 7 | F16: 12 | G16: 28 | H16: 18 | J16: 3 | K16: 3 | L16: 7 | M16: 4 | N16: 7 | O16: 3 | P16: 5 | Q16: 5 | R16: 9 | S16: 3 | T16: 6 | U16: 5 | V16: 6 | W16: 7 | X16: 6 | Y16: 16
A17: VANESSA | B17: 21 | C17: 17 | D17: 14 | E17: 20 | F17: 23 | G17: 12 | H17: 21 | I17: 3 | J17: 3 | K17: 1 | L17: 14 | M17: 14 | N17: 16 | O17: 27 | P17: 18 | Q17: 5 | R17: 7 | S17: 5 | T17: 7 | U17: 5 | V17: 8 | W17: 3 | X17: 9 | Y17: 12
A18: PSD
A19: EVERALDO | B19: 3 | C19: 4 | D19: 6 | E19: 6 | F19: 8 | G19: 3 | H19: 5 | J19: 4 | K19: 2 | L19: 4 | M19: 5 | N19: 4 | O19: 8 | P19: 3 | Q19: 17 | R19: 18 | S19: 18 | T19: 21 | U19: 16 | V19: 19 | W19: 23 | X19: 27 | Y19: 3
A20: GUI | B20: =24+16 -> 40 | C20: 41 | D20: 31 | E20: 23 | F20: 19 | G20: 20 | H20: 30 | I20: 2 | J20: 21 | K20: 17 | L20: 2 | M20: 1 | N20: 14 | O20: 23 | P20: 19 | Q20: 10 | R20: 5 | S20: 11 | T20: 6 | U20: 3 | V20: 4 | W20: 5 | X20: 5 | Y20: 14
A21: GUTO | B21: 4 | C21: 6 | D21: 7 | E21: 2 | F21: 1 | G21: 1 | H21: 6 | I21: 1 | J21: 2 | K21: 2 | L21: 3 | M21: 5 | N21: 2 | O21: 3 | P21: 5 | Q21: 1 | R21: 2 | S21: 2 | U21: 1 | V21: 1 | W21: 3 | X21: 1 | Y21: 5
A22: IVOLI | B22: 10 | C22: 13 | D22: 12 | E22: 15 | F22: 16 | G22: 8 | H22: 10 | I22: 4 | J22: 4 | K22: 1 | L22: 5 | M22: 2 | N22: 7 | O22: 9 | P22: 9 | Q22: 31 | R22: 2 | S22: 1 | T22: 1 | U22: 1 | V22: 3 | W22: 2 | X22: 1 | Y22: 16
A23: JUNINHO | B23: 2 | C23: 2 | D23: 5 | F23: 3 | G23: 2 | I23: 2 | J23: 1 | K23: 3 | L23: 13 | M23: 18 | N23: 1 | O23: 3 | P23: 3 | Q23: 1 | R23: 7 | S23: 1 | U23: 4 | V23: 3 | W23: 7 | X23: 5 | Y23: 10
A24: NARA | B24: 4 | C24: 5 | D24: 1 | E24: 6 | G24: 7 | H24: 3 | I24: 1 | J24: 4 | M24: 1 | N24: 1 | P24: 1 | Q24: 7 | W24: 1 | Y24: 13
A25: RAQUEL | B25: 13 | C25: 11 | D25: 11 | E25: 11 | F25: 13 | G25: 10 | H25: 8 | I25: 4 | J25: 10 | K25: 3 | L25: 1 | M25: 7 | N25: 9 | O25: 5 | P25: 8 | Q25: 3 | R25: 3 | S25: 1 | U25: 2 | V25: 4 | X25: 1 | Y25: 10
A26: RONALDO | B26: 3 | C26: 2 | D26: 3 | E26: 2 | F26: 3 | G26: 2 | H26: 3 | I26: 2 | K26: 1 | R26: 1 | U26: 1 | X26: 1 | Y26: 7
A27: SERGIO | B27: 26 | C27: 17 | D27: 23 | E27: 19 | F27: 17 | G27: 24 | H27: 22 | I27: 14 | J27: 22 | K27: 22 | M27: 2 | N27: 4 | O27: 6 | P27: 13 | Q27: 7 | R27: 7 | S27: 7 | T27: 10 | U27: 9 | V27: 3 | W27: 10 | X27: 1 | Y27: 13
A28: TOMAZIA | B28: 1 | D28: 1 | G28: 1 | H28: 1 | R28: 6 | S28: 2 | T28: 8 | U28: 3 | V28: 8 | W28: 9 | X28: 5
A29: MDB | I29: 1
A30: ALDO | B30: 2 | D30: 1 | E30: 3 | F30: 2 | H30: 1 | L30: 23 | M30: 16 | N30: 2 | O30: 1 | P30: 2 | Q30: 4 | S30: 4 | T30: 2 | W30: 1
A31: BIANCA | B31: 10 | C31: 14 | D31: 8 | E31: 20 | F31: 12 | G31: 20 | H31: 16 | I31: 17 | J31: 29 | K31: 21 | L31: 14 | M31: 11 | N31: 11 | O31: 12 | P31: 14 | Q31: 12 | R31: 8 | S31: 15 | T31: 8 | U31: 4 | V31: 6 | W31: 12 | X31: 9 | Y31: 14
A32: DEDI | B32: 18 | C32: 21 | D32: 20 | E32: 21 | F32: 26 | G32: 17 | H32: 16 | I32: 11 | J32: 7 | K32: 8 | L32: 10 | M32: 8 | N32: 5 | O32: 5 | P32: 9 | Q32: 2 | S32: 1 | T32: 1 | U32: 4 | V32: 6 | W32: 1 | X32: 3 | Y32: 8
A33: DINHO | B33: 9 | C33: 10 | D33: 6 | E33: 12 | F33: 11 | G33: 4 | H33: 10 | I33: 2 | J33: 45 | K33: 20 | L33: 6 | M33: 2 | N33: 4 | O33: 4 | P33: 6 | Q33: 3 | R33: 2 | S33: 1 | T33: 3 | U33: 2 | V33: 1 | W33: 1 | X33: 1 | Y33: 2
A34: NICE | E34: 1 | G34: 1 | S34: 1
A35: ZOINHO | B35: 12 | C35: 11 | D35: 14 | E35: 9 | F35: 15 | G35: 19 | H35: 10 | I35: 8 | J35: 10 | K35: 4 | L35: 2 | M35: 1 | N35: 17 | O35: 29 | P35: 15 | Q35: 7 | R35: 8 | S35: 5 | T35: 10 | U35: 7 | V35: 11 | W35: 12 | X35: 7 | Y35: 17
A36: UB
A37: ARILTON | B37: 6 | C37: 7 | D37: 7 | E37: 5 | F37: 4 | G37: 4 | H37: 5 | I37: 2 | J37: 2 | L37: 4 | M37: 8 | N37: 29 | O37: 7 | P37: 24 | Q37: 9 | R37: 1 | V37: 1 | Y37: 12
A38: GABRIEL | B38: 11 | C38: 9 | D38: 9 | E38: 8 | F38: 10 | G38: 7 | H38: 5 | I38: 2 | J38: 6 | K38: 4 | M38: 2 | N38: 12 | O38: 16 | P38: 8 | Q38: 6 | R38: 4 | S38: 1 | U38: 1 | V38: 2 | W38: 2 | X38: 2 | Y38: 1
A39: NANDO | B39: 6 | C39: 2 | D39: 2 | E39: 2 | F39: 4 | G39: 4 | H39: 3 | I39: 1 | J39: 1 | L39: 1 | M39: 2 | N39: 2 | O39: 2 | P39: 1 | Q39: 3 | W39: 1 | X39: 1 | Y39: 1
A40: PATRICIA | B40: 2 | C40: 1 | D40: 1 | G40: 1 | H40: 1 | J40: 1
A41: PRISCILLA | B41: 23 | C41: 12 | D41: 19 | E41: 9 | F41: 14 | G41: 13 | H41: 17 | I41: 10 | J41: 14 | K41: 1 | M41: 1 | N41: 13 | O41: 17 | P41: 20 | Q41: 2 | R41: 1 | T41: 3 | U41: 3 | V41: 1 | X41: 3 | Y41: 9
A42: TIAGO | B42: 10 | C42: 4 | D42: 11 | E42: 9 | F42: 12 | G42: 9 | H42: 7 | I42: 4 | J42: 5 | L42: 6 | M42: 10 | N42: 8 | O42: 6 | P42: 5 | Q42: 18 | R42: 4 | T42: 1 | U42: 2 | V42: 1 | W42: 1 | X42: 3 | Y42: 31
A43: PL | I43: 1 | P43: 1 | Y43: 2
A44: DAURI | B44: 10 | C44: 3 | D44: 9 | E44: 8 | F44: 6 | G44: 7 | H44: 5 | I44: 8 | J44: 3 | K44: 1 | L44: 6 | M44: 2 | N44: 21 | O44: 25 | P44: 13 | Q44: 36 | R44: 2 | S44: 6 | T44: 1 | U44: 5 | V44: 6 | W44: 1 | X44: 4 | Y44: 4
A45: JANAINA | D45: 1 | E45: 2 | F45: 1 | H45: 2 | K45: 1 | L45: 1 | R45: 20 | S45: 22 | T45: 25 | U45: 28 | V45: 23 | W45: 23 | X45: 32
A46: JUBA | B46: 3 | C46: 4 | D46: 2 | E46: 2 | F46: 2 | H46: 4 | I46: 1 | J46: 1 | N46: 2 | O46: 6 | P46: 4 | Q46: 36 | R46: 1 | S46: 2 | T46: 1 | U46: 1 | V46: 1 | W46: 1 | X46: 1 | Y46: 3
A47: MANECA | F47: 2 | G47: 1 | H47: 1 | I47: 2 | L47: 3 | N47: 5 | O47: 4 | P47: 2 | R47: 2 | S47: 2 | T47: 3 | U47: 1 | V47: 6 | W47: 4
A48: VALDEMAR | B48: 1 | C48: 1 | D48: 2 | E48: 2 | F48: 4 | G48: 1 | H48: 4 | I48: 2 | S48: 1 | T48: 1
A49: VALDIR | B49: 2 | C49: 1 | D49: 1 | E49: 2 | F49: 2 | J49: 2 | N49: 1 | R49: 21 | S49: 17 | T49: 13 | U49: 17 | V49: 8 | W49: 15 | X49: 19
A50: PT
A51: LUIZ | B51: 1 | D51: 1 | G51: 1 | K51: 2 | L51: 6 | M51: 5 | P51: 1 | T51: 2 | Y51: 1
A52: LUCIANA | B52: 3 | C52: 3 | D52: 4 | E52: 4 | F52: 2 | G52: 6 | H52: 5 | J52: 1 | K52: 3 | L52: 6 | M52: 6 | N52: 2 | O52: 2 | P52: 9 | R52: 2 | S52: 6 | T52: 1 | U52: 1 | W52: 2 | X52: 3 | Y52: 3
A53: ZENON | B53: 7 | C53: 2 | D53: 7 | E53: 12 | F53: 3 | G53: 5 | H53: 7 | I53: 1 | L53: 5 | M53: 3 | N53: 2 | P53: 2 | Q53: 2 | R53: 2 | S53: 3 | T53: 1 | U53: 1 | V53: 2 | W53: 6 | X53: 1 | Y53: 2
A56: PP | B56: 5 | C56: 5 | E56: 4 | F56: 1 | G56: 3 | H56: 3 | L56: 3 | M56: 3 | N56: 4 | O56: 1 | P56: 5 | Q56: 3 | R56: 1 | S56: 7 | T56: 2 | U56: 2 | V56: 4 | W56: 2 | X56: 3 | Y56: 1 | Z56: =SUM(B56:Y56) -> 62
A57: PSD | B57: 1 | F57: 2 | H57: 1 | K57: 2 | O57: 1 | R57: 3 | U57: 2 | V57: 2 | W57: 2 | Z57: =SUM(B57:Y57) -> 16
C61: CENTRO | F61: SOROCABA | H61: RIBEIRÃO | J61: FREITAS | L61: M. AGUDO | N61: PENHA | P61: AREIAS
C62: FERNANDA | D62: =SUM(B4:I4) -> 1105 | E62: =D62-D63 -> 55 | F62: =J4+K4 -> 172 | G62: =F62-F63 -> -6 | H62: =L4+M4 -> 206 | I62: =H62-H63 -> 64 | J62: =SUM(N4:P4) -> 378 | K62: =J62-J63 -> -32 | L62: 99 | M62: =L62-L63 -> -29 | N62: =SUM(R4:X4) -> 935 | O62: =N62-N63 -> 251 | P62: 105 | Q62: =P62-P63 -> -13
C63: TIAGO | D63: =SUM(B5:I5) -> 1050 | F63: =J5+K5 -> 178 | H63: =L5+M5 -> 142 | J63: =SUM(N5:P5) -> 410 | L63: 128 | N63: =SUM(R5:X5) -> 684 | P63: 118
C64: ISAAC | D64: =SUM(B6:I6) -> 265 | F64: =J6+K6 -> 47 | H64: =L6+M6 -> 43 | J64: =SUM(N6:P6) -> 104 | L64: 39 | N64: =SUM(R6:X6) -> 42 | P64: 47
